question,answer
"What are the differences between a star and a bus network topology?","In a star topology, devices are connected to a central hub, while in a bus topology, devices are connected to a single shared communication line."
"Explain the seven layers of the OSI model.","The OSI model consists of seven layers: Physical, Data Link, Network, Transport, Session, Presentation, and Application. Each layer has specific functions and communicates with its adjacent layers."
"How does subnetting help in IP addressing?","Subnetting allows the division of a large network into smaller subnetworks, which helps with efficient use of IP addresses, reducing network traffic, and improving security."
"What is the difference between IPv4 and IPv6?","IPv4 uses 32-bit addresses and has approximately 4.3 billion addresses, while IPv6 uses 128-bit addresses and provides an almost unlimited number of addresses. IPv6 also includes improved features like better security and auto-configuration."
"Name some common well-known ports and their associated protocols.","HTTP (Port 80), HTTPS (Port 443), FTP (Port 21), SMTP (Port 25), POP3 (Port 110), IMAP (Port 143), DNS (Port 53), and SSH (Port 22), among others."
"How do devices communicate with each other across different networks?","Devices use routing to send data across different networks. Routers examine the destination IP address and forward data to the appropriate network based on the routing table."
"What are VLANs, and how do they help in network management?","VLANs (Virtual LANs) are logical network segments that allow the grouping of devices based on factors like department or function, even if they are physically connected to different switches. VLANs help in network management, improving security, and reducing broadcast domains."
"What is the role of cloud computing in networking?","Cloud computing provides access to network resources and services over the internet. It allows organizations to use virtualized infrastructure and scalable resources, reducing the need for on-premises hardware and maintenance."
"What are the different types of network cabling and their characteristics?","Common types of network cabling include: Unshielded Twisted Pair (UTP), Shielded Twisted Pair (STP), and Fiber Optic. UTP is used in Ethernet networks and comes in different categories (e.g., Cat5e, Cat6) with varying data transmission rates. STP provides additional shielding to reduce electromagnetic interference. Fiber Optic cabling uses light signals for data transmission, offering higher bandwidth and immunity to electrical interference."
"Explain the role of routers and switches in a network.","Routers forward data packets between different networks, while switches connect devices within the same local network (LAN) and forward data to the appropriate device based on MAC addresses."
"What are VLANs, and how do they help in network management?","VLANs (Virtual LANs) are logical network segments that allow the grouping of devices based on factors like department or function, even if they are physically connected to different switches. VLANs help in network management, improving security, and reducing broadcast domains."
"How do you configure a VLAN on a managed switch?","To configure a VLAN on a managed switch, access the switch's management interface (usually via a web browser or command-line interface), create the VLAN, assign ports to the VLAN, and configure VLAN-specific settings as needed."
"What is the difference between a layer 2 and a layer 3 switch?","A layer 2 switch operates at the Data Link layer of the OSI model and makes forwarding decisions based on MAC addresses. A layer 3 switch, also known as a multilayer switch, can perform some routing functions in addition to switching and operates at both the Data Link and Network layers of the OSI model."
"How does cloud computing impact network infrastructure?","Cloud computing allows organizations to offload their network infrastructure to cloud service providers. This reduces the need for on-premises hardware and maintenance, offers scalable resources, and provides a more flexible and cost-effective approach to network infrastructure management."
"What are the benefits and challenges of implementing a wireless network?","Benefits of wireless networks include mobility, flexibility, and ease of deployment. However, challenges include potential security risks, signal interference, and reduced network speeds over long distances. Proper security measures and planning are essential for a successful wireless network deployment."
"Describe the concept of Software-Defined Networking (SDN).","SDN separates the control plane from the data plane in network devices. Centralized software controllers manage the network, making it more flexible, programmable, and easier to configure and manage. SDN can lead to more efficient network operations and better resource utilization."
"What are some common network protocols and their functions?","Common network protocols include TCP (Transmission Control Protocol) for reliable data transmission, UDP (User Datagram Protocol) for connectionless data transmission, ICMP (Internet Control Message Protocol) for error reporting and diagnostics, and SNMP (Simple Network Management Protocol) for network device management."
"Explain Quality of Service (QoS) and its importance in networking.","Quality of Service (QoS) ensures that certain network traffic receives priority over other traffic to meet performance requirements. It helps prioritize critical data, such as voice and video, to maintain a consistent user experience and avoid issues like latency and jitter. QoS is vital for networks with different types of traffic, such as real-time applications and file transfers."
"How does a router make forwarding decisions in a network?","Routers use routing tables to make forwarding decisions. When a router receives a data packet, it checks the destination IP address against the routing table to determine the best path to send the packet to its destination. The router forwards the packet accordingly to the next hop along the route."
"What are some common network troubleshooting tools and their uses?","Common network troubleshooting tools include: Ping (tests connectivity between devices), Traceroute (shows the path and latency of data packets between source and destination), ipconfig (Windows) / ifconfig (Linux) (displays network configuration details), nslookup (queries DNS servers for domain name resolution), Wireshark (captures and analyzes network traffic), and Netstat (shows active network connections and statistics)."
"How can you identify and resolve network congestion issues?","Network congestion can be identified by monitoring network traffic and analyzing performance metrics. To resolve congestion, you can implement QoS policies, increase network bandwidth, optimize routing, or prioritize critical traffic. Proper network capacity planning can also help prevent congestion issues."
"Explain the process of port forwarding in network routing.","Port forwarding allows external devices to access services hosted on a local network. It involves configuring a router to forward specific ports to a designated internal IP address. This way, incoming traffic targeting the specific port will be redirected to the specified device on the local network. Port forwarding is commonly used for hosting web servers, gaming, and remote access applications."
"How can network monitoring tools help in maintaining network performance?","Network monitoring tools continuously collect data on network performance, usage, and potential issues. They provide real-time insights into network health, helping network administrators detect problems, identify bottlenecks, and proactively address performance concerns. Network monitoring ensures optimal network performance and minimizes downtime."
"Describe the process of network configuration management.","Network configuration management involves keeping track of network device configurations, maintaining configuration backups, and ensuring consistency and compliance across devices. Proper configuration management helps prevent errors, simplifies troubleshooting, and ensures network security and stability."
"What are some common network security threats?","Common network security threats include: Malware (viruses, worms, Trojans), Denial of Service (DoS) attacks, Phishing and social engineering, Man-in-the-Middle (MitM) attacks, Brute force attacks, Spoofing and IP spoofing, Eavesdropping and sniffing, Zero-day exploits."
"How do firewalls protect networks from unauthorized access?","Firewalls monitor and control incoming and outgoing network traffic based on predefined security rules. They act as a barrier between internal and external networks, blocking unauthorized access and potentially harmful traffic. Firewalls can be hardware or software-based and are a critical component of network security."
"Explain the concept of encryption in network communication.","Encryption involves converting data into a secure, unreadable form (ciphertext) using encryption algorithms and keys. This ensures that only authorized parties with the corresponding decryption keys can access the original data. Encryption is crucial for securing sensitive information during transmission over networks, protecting it from eavesdropping and unauthorized access."
"How can you strengthen network security through user authentication?","User authentication verifies the identity of individuals accessing the network. Strong authentication methods, such as two-factor authentication (2FA) or biometric authentication, add an extra layer of security. By implementing robust authentication measures, organizations can reduce the risk of unauthorized access and data breaches."
"What is the purpose of Virtual Private Networks (VPNs) in network security?","VPNs establish secure encrypted connections over the internet, allowing remote users to access a private network as if they were physically present at the office location. VPNs provide secure data transmission, protect sensitive information from interception, and enhance overall network security for remote access scenarios."
"How can network administrators mitigate DoS attacks on their networks?","Mitigating DoS attacks involves implementing various defense mechanisms, such as traffic filtering and rate limiting, blacklisting malicious IP addresses, deploying intrusion prevention systems (IPS) and intrusion detection systems (IDS), using load balancers to distribute traffic and absorb attack impact, utilizing cloud-based DDoS protection services, and collaborating with ISPs to block malicious traffic."
"Explain the concept of network access control and its benefits.","Network Access Control (NAC) restricts and manages access to the network based on predefined security policies. It ensures that only authorized and compliant devices can connect to the network, reducing the risk of unauthorized access and the spread of malware. NAC enhances network security by enforcing security measures before granting network access."
"What are some best practices for securing wireless networks?","Best practices for securing wireless networks include enabling Wi-Fi encryption (WPA2 or WPA3), changing default router credentials, disabling SSID broadcasting, implementing strong passwords for Wi-Fi access, regularly updating router firmware, using MAC address filtering, and segmenting guest networks from internal networks."
"What are some common network troubleshooting tools and their uses?","Common network troubleshooting tools include: Ping (tests connectivity between devices), Traceroute (shows the path and latency of data packets between source and destination), ipconfig (Windows) / ifconfig (Linux) (displays network configuration details), nslookup (queries DNS servers for domain name resolution), Wireshark (captures and analyzes network traffic), Netstat (shows active network connections and statistics)."
"How can you identify and resolve common network connectivity issues?","To identify and resolve network connectivity issues, perform the following steps: Check physical connections and cables, verify IP configurations and subnet masks, use network troubleshooting tools like ping and traceroute, check for software and firewall conflicts, update network device drivers, restart network devices and services if necessary."
"Explain the process of IP address conflicts and how to resolve them.","IP address conflicts occur when two devices have the same IP address. To resolve them, follow these steps: Use the ping command to identify the conflicting device, change the IP address of the conflicting device manually, implement DHCP (Dynamic Host Configuration Protocol) to assign IP addresses dynamically and avoid conflicts."
"How do you troubleshoot slow network performance?","To troubleshoot slow network performance, consider the following: Check for bandwidth usage and potential bottlenecks, scan for malware and viruses that could affect performance, ensure network devices are functioning correctly, optimize network settings, such as QoS and DNS configurations, consider upgrading network hardware if needed."
"What are some common issues that can cause intermittent network connectivity problems?","Intermittent network connectivity issues may be caused by: Loose or damaged cables, wireless interference or signal loss, misconfigured network settings, overloaded network devices, failing hardware components, IP address conflicts, malware or network attacks."
"How can you troubleshoot issues with a specific application not connecting to the network?","To troubleshoot application-specific connectivity issues, try the following steps: Check if the application is allowed through firewalls and security software, verify network settings and DNS configurations, restart the application and associated services, update the application to the latest version, check for known issues or outages related to the application."
"Explain the importance of documenting the network troubleshooting process.","Documenting the network troubleshooting process is crucial for several reasons: It creates a reference for future troubleshooting scenarios, helps in knowledge sharing among team members, aids in identifying recurring issues and their solutions, improves overall network maintenance and management efficiency."
"How can you use network monitoring tools to detect and address network issues proactively?","Network monitoring tools continuously collect data on network performance, usage, and potential issues. By analyzing this data, network administrators can: Detect anomalies and unusual behavior, identify performance bottlenecks and congestion points, set up alerts for critical events, monitor the health of network devices, take proactive measures to address potential issues and prevent downtime."
"What are the advantages of wireless networking over wired networks?","Advantages of wireless networking include mobility, flexibility, scalability, cost savings, and convenience."
"What are some common wireless networking standards and their characteristics?","Common wireless networking standards include 802.11a, 802.11b, 802.11g, 802.11n, 802.11ac, and 802.11ax (Wi-Fi 6), each with different operating frequencies and data rates."
"How can you secure a wireless network from unauthorized access?","Securing a wireless network involves setting a strong Wi-Fi password, changing default router login credentials, disabling SSID broadcasting, using MAC address filtering, enabling guest network isolation, keeping router firmware up to date, and using a virtual private network (VPN) for remote access."
"What is virtualization, and how does it benefit network infrastructure?","Virtualization involves creating virtual versions of hardware, software, or network resources. It benefits network infrastructure by improving resource utilization, simplifying network management and deployment, reducing hardware costs, and enhancing network flexibility."
"Explain the concept of virtual LANs (VLANs) in virtualized networks.","In virtualized networks, VLANs are logical network segments that group devices based on function or department, regardless of their physical location. VLANs enhance network security, ease network administration, and improve overall network performance by reducing broadcast domains."
"How does network virtualization differ from server virtualization?","Network virtualization involves abstracting and virtualizing network resources, while server virtualization involves abstracting and virtualizing physical servers to run multiple virtual machines. Both types of virtualization bring different benefits to IT infrastructure."
"What are some common hypervisor software used in virtualization?","Common hypervisor software used in virtualization includes VMware vSphere / ESXi, Microsoft Hyper-V, KVM (Kernel-based Virtual Machine), Xen Hypervisor, and Proxmox Virtual Environment."
"How can network administrators troubleshoot issues in virtualized environments?","To troubleshoot virtualized environments, network administrators should check virtual network configurations, monitor resource utilization of virtual machines, analyze logs and error messages from hypervisors and virtual machines, verify network connectivity and VLAN configurations, and ensure proper allocation of resources to virtual machines."
"What is cloud computing, and what are its key characteristics?","Cloud computing is a model for delivering on-demand computing resources over the internet. Its key characteristics include on-demand self-service, broad network access, resource pooling, rapid elasticity, and measured service."
"Explain the differences between public, private, and hybrid clouds.","Public Cloud: Owned and operated by third-party providers, accessible to the general public over the internet. Private Cloud: Operated for a single organization, providing more control and privacy but requires higher maintenance costs. Hybrid Cloud: A combination of public and private clouds, offering flexibility and allowing organizations to choose where to host specific applications and data based on requirements."
"What are Infrastructure as a Service (IaaS), Platform as a Service (PaaS), and Software as a Service (SaaS)?","IaaS: Provides virtualized computing resources over the internet, such as virtual machines, storage, and networking, enabling users to run their applications and manage their infrastructure. PaaS: Offers a platform with development tools, databases, and operating systems, enabling developers to build, deploy, and manage applications without managing the underlying infrastructure. SaaS: Delivers software applications over the internet, eliminating the need for local installation, and allowing users to access and use the software through a web browser."
"What are the benefits and challenges of adopting cloud computing?","Benefits: Cost savings, scalability, flexibility, accessibility, automatic updates, and resource pooling. Challenges: Security concerns, data privacy, dependency on internet connectivity, limited control over the infrastructure, and potential vendor lock-in."
"How does load balancing work, and why is it important for web servers?","Load balancing distributes incoming network traffic across multiple servers to improve responsiveness and prevent overload on a single server. It ensures efficient resource utilization and high availability of web applications, enhancing the user experience and minimizing downtime."
"Explain the concept of Content Delivery Network (CDN) and its benefits.","CDN is a geographically distributed network of servers that store cached copies of website content. It reduces latency and improves website loading times by serving content from the nearest server to the user's location. Benefits include faster load times, reduced bandwidth usage, and improved website performance, especially for global audiences."
"How can you secure data in the cloud, and what are some cloud security best practices?","Securing data in the cloud involves using encryption, strong authentication, access controls, and regular data backups. Cloud security best practices include monitoring access logs, implementing multi-factor authentication, using encrypted connections, keeping software and systems up to date, and conducting regular security audits."
"What are some popular cloud service providers, and what services do they offer?","Popular cloud service providers include Amazon Web Services (AWS), Microsoft Azure, Google Cloud Platform (GCP), IBM Cloud, and Oracle Cloud. These providers offer a wide range of cloud services, including computing resources, storage solutions, databases, machine learning, and IoT services."
"How does serverless computing differ from traditional server-based models?","In traditional server-based models, developers manage and maintain servers to run applications. In serverless computing, developers write and deploy code without worrying about the underlying infrastructure. The cloud provider manages the servers, automatically scaling and allocating resources as needed, allowing developers to focus on code functionality."
"LAN","Local Area Network"
"WAN","Wide Area Network"
"MAN","Metropolitan Area Network"
"VPN","Virtual Private Network"
"WLAN","Wireless Local Area Network"
"TCP","Transmission Control Protocol"
"UDP","User Datagram Protocol"
"IP","Internet Protocol"
"DNS","Domain Name System"
"DHCP","Dynamic Host Configuration Protocol"
"NAT","Network Address Translation"
"FTP","File Transfer Protocol"
"HTTP","Hypertext Transfer Protocol"
"HTTPS","Hypertext Transfer Protocol Secure"
"SMTP","Simple Mail Transfer Protocol"
"POP3","Post Office Protocol version 3"
"IMAP","Internet Message Access Protocol"
"ICMP","Internet Control Message Protocol"
"SNMP","Simple Network Management Protocol"
"QoS","Quality of Service"
"DoS","Denial of Service"
"MitM","Man-in-the-Middle"
"IDS","Intrusion Detection System"
"IPS","Intrusion Prevention System"
"VLAN","Virtual Local Area Network"
"CDN","Content Delivery Network"
"IaaS","Infrastructure as a Service"
"PaaS","Platform as a Service"
"SaaS","Software as a Service"
"AWS","Amazon Web Services"
"Azure","Microsoft Azure"
"GCP","Google Cloud Platform"
"IoT","Internet of Things"
"CDN","Content Delivery Network"
"SSL/TLS","Secure Sockets Layer/Transport Layer Security"
"NAC","Network Access Control"
"SDN","Software-Defined Networking"
"VoIP","Voice over Internet Protocol"
"BYOD","Bring Your Own Device"
"RTO","Recovery Time Objective"
"RPO","Recovery Point Objective"
"SLA","Service Level Agreement"
"BGP","Border Gateway Protocol"
"OSPF","Open Shortest Path First"
"RIP","Routing Information Protocol"
"20 / 21","FTP (File Transfer Protocol)"
"22","SSH (Secure Shell)"
"23","Telnet (unencrypted text communication)"
"25","SMTP (Simple Mail Transfer Protocol)"
"53","DNS (Domain Name System)"
"80","HTTP (Hypertext Transfer Protocol)"
"443","HTTPS (HTTP Secure)"
"67 / 68","DHCP (Dynamic Host Configuration Protocol)"
"110","POP3 (Post Office Protocol version 3)"
"143","IMAP (Internet Message Access Protocol)"
"161 / 162","SNMP (Simple Network Management Protocol)"
"389","LDAP (Lightweight Directory Access Protocol)"
"443","LDAPS (LDAP Secure)"
"636","LDAPS (LDAP Secure) Alternate"
"3389","RDP (Remote Desktop Protocol)"
"53","DNS (Domain Name System)"
"67 / 68","DHCP (Dynamic Host Configuration Protocol)"
"69","TFTP (Trivial File Transfer Protocol)"
"123","NTP (Network Time Protocol)"
"161 / 162","SNMP (Simple Network Management Protocol)"
"514","Syslog (used for logging)"
"636","LDAPS (LDAP Secure)"
"873","Rsync (Remote Sync)"
"137 / 138 / 139","NetBIOS (Network Basic Input/Output System)"
"445","SMB (Server Message Block)"
"587","SMTP (Submission)"
"3306","MySQL Database"
"5432","PostgreSQL Database"
"1521","Oracle Database"
,
,
,
,
,
,
,
,
,
,
,
,
,
,
,
,
,
,
,
,
,
,
,
,
,
,
,
,
,
,
,
,
,
,
,
,
,
,
,
,
,
,
,
,
,
,
,
,
,
,
,
,
,
,
,
,
,
,
,
,
,
,
,
,
,
,
,
,
,
,
,
,
,
,
,
,
,
,
,
,
,
,
,
,
,
,
,
,
,
,
,
,
,
,
,
,
,